date_run,metrique,valeur
2026-09-23,annonces_annulees_ou_rectifiees,375.0
2026-09-23,annonces_extraites,38629.0
2026-09-23,dates_jugement_incoherentes,19.0
2026-09-23,taux_jointure_sirene,0.9877528149847911
2026-09-23,taux_localisation,0.9942695679729587
2026-09-23,taux_localisation_cp_ville,0.9847892679835217
2026-09-23,taux_secteur_connu_perimetre,0.9564722077182323
2026-09-23,taux_secteur_jev_perimetre,0.024967959367731524
2026-09-23,taux_secteur_sirene_perimetre,0.9315042483505008
2026-09-23,taux_siren_present,0.9897010668638428
2026-09-23,creations_sans_naf,0.0
2026-09-23,dates_creation_futures,34.0
2026-09-23,etablissements_extraits,496021.0
2026-09-23,part_diffusion_partielle,0.3071949649549421
2026-09-23,reprises_transferts_exclus,7228.0
2026-09-24,annonces_annulees_ou_rectifiees,375.0
2026-09-24,annonces_extraites,38630.0
2026-09-24,dates_jugement_incoherentes,19.0
2026-09-24,taux_jointure_sirene,0.9938897486525429
2026-09-24,taux_localisation,0.9942697192954659
2026-09-24,taux_localisation_cp_ville,0.9847896696506377
2026-09-24,taux_secteur_connu_perimetre,0.9599867097019176
2026-09-24,taux_secteur_jev_perimetre,0.021264476931839756
2026-09-24,taux_secteur_sirene_perimetre,0.9387222327700778
2026-09-24,taux_siren_present,0.9896749320024294
2026-09-24,creations_sans_naf,0.0
2026-09-24,dates_creation_futures,117.0
2026-09-24,etablissements_extraits,497650.0
2026-09-24,part_diffusion_partielle,0.3084479919622673
2026-09-24,reprises_transferts_exclus,7445.0
2026-09-25,annonces_annulees_ou_rectifiees,376.0
2026-09-25,annonces_extraites,38734.0
2026-09-25,dates_jugement_incoherentes,19.0
2026-09-25,taux_jointure_sirene,0.9936402341671101
2026-09-25,taux_localisation,0.994285112322562
2026-09-25,taux_localisation_cp_ville,0.984804192673356
2026-09-25,taux_secteur_connu_perimetre,0.95999430523918
2026-09-25,taux_secteur_jev_perimetre,0.02126044039483675
2026-09-25,taux_secteur_sirene_perimetre,0.9387338648443432
2026-09-25,taux_siren_present,0.9897026678254457
2026-09-25,creations_sans_naf,0.0
2026-09-25,dates_creation_futures,117.0
2026-09-25,etablissements_extraits,497650.0
2026-09-25,part_diffusion_partielle,0.3084479919622673
2026-09-25,reprises_transferts_exclus,7445.0
2026-09-26,annonces_annulees_ou_rectifiees,376.0
2026-09-26,annonces_extraites,38734.0
2026-09-26,dates_jugement_incoherentes,19.0
2026-09-26,taux_jointure_sirene,0.9937200638637573
2026-09-26,taux_localisation,0.994285112322562
2026-09-26,taux_localisation_cp_ville,0.984804192673356
2026-09-26,taux_secteur_connu_perimetre,0.95999430523918
2026-09-26,taux_secteur_jev_perimetre,0.021212984054669703
2026-09-26,taux_secteur_sirene_perimetre,0.9387813211845103
2026-09-26,taux_siren_present,0.9897026678254457
2026-09-26,creations_sans_naf,0.0
2026-09-26,dates_creation_futures,128.0
2026-09-26,etablissements_extraits,497763.0
2026-09-26,part_diffusion_partielle,0.3089177296273603
2026-09-26,reprises_transferts_exclus,7460.0
