date_run,indicateur,periode,valeur,provisoire
2026-09-23,creations_etablissements,2023-09,777,0
2026-09-23,creations_etablissements,2023-10,767,0
2026-09-23,creations_etablissements,2023-11,600,0
2026-09-23,creations_etablissements,2023-12,468,0
2026-09-23,creations_etablissements,2024-01,1337,0
2026-09-23,creations_etablissements,2024-02,651,0
2026-09-23,creations_etablissements,2024-03,689,0
2026-09-23,creations_etablissements,2024-04,800,0
2026-09-23,creations_etablissements,2024-05,656,0
2026-09-23,creations_etablissements,2024-06,670,0
2026-09-23,creations_etablissements,2024-07,834,0
2026-09-23,creations_etablissements,2024-08,472,0
2026-09-23,creations_etablissements,2024-09,823,0
2026-09-23,creations_etablissements,2024-10,832,0
2026-09-23,creations_etablissements,2024-11,609,0
2026-09-23,creations_etablissements,2024-12,465,0
2026-09-23,creations_etablissements,2025-01,1491,0
2026-09-23,creations_etablissements,2025-02,709,0
2026-09-23,creations_etablissements,2025-03,783,0
2026-09-23,creations_etablissements,2025-04,915,0
2026-09-23,creations_etablissements,2025-05,661,0
2026-09-23,creations_etablissements,2025-06,685,0
2026-09-23,creations_etablissements,2025-07,804,0
2026-09-23,creations_etablissements,2025-08,542,0
2026-09-23,creations_etablissements,2025-09,905,0
2026-09-23,creations_etablissements,2025-10,864,0
2026-09-23,creations_etablissements,2025-11,699,0
2026-09-23,creations_etablissements,2025-12,634,0
2026-09-23,creations_etablissements,2026-01,1273,0
2026-09-23,creations_etablissements,2026-02,762,0
2026-09-23,creations_etablissements,2026-03,816,0
2026-09-23,creations_etablissements,2026-04,894,0
2026-09-23,creations_etablissements,2026-05,721,0
2026-09-23,creations_etablissements,2026-06,783,0
2026-09-23,creations_etablissements,2026-07,740,1
2026-09-23,creations_etablissements,2026-08,402,1
2026-09-23,creations_entreprises,2023-09,496,0
2026-09-23,creations_entreprises,2023-10,510,0
2026-09-23,creations_entreprises,2023-11,378,0
2026-09-23,creations_entreprises,2023-12,278,0
2026-09-23,creations_entreprises,2024-01,768,0
2026-09-23,creations_entreprises,2024-02,433,0
2026-09-23,creations_entreprises,2024-03,458,0
2026-09-23,creations_entreprises,2024-04,499,0
2026-09-23,creations_entreprises,2024-05,419,0
2026-09-23,creations_entreprises,2024-06,401,0
2026-09-23,creations_entreprises,2024-07,525,0
2026-09-23,creations_entreprises,2024-08,271,0
2026-09-23,creations_entreprises,2024-09,458,0
2026-09-23,creations_entreprises,2024-10,533,0
2026-09-23,creations_entreprises,2024-11,380,0
2026-09-23,creations_entreprises,2024-12,316,0
2026-09-23,creations_entreprises,2025-01,857,0
2026-09-23,creations_entreprises,2025-02,449,0
2026-09-23,creations_entreprises,2025-03,473,0
2026-09-23,creations_entreprises,2025-04,568,0
2026-09-23,creations_entreprises,2025-05,415,0
2026-09-23,creations_entreprises,2025-06,450,0
2026-09-23,creations_entreprises,2025-07,490,0
2026-09-23,creations_entreprises,2025-08,324,0
2026-09-23,creations_entreprises,2025-09,569,0
2026-09-23,creations_entreprises,2025-10,563,0
2026-09-23,creations_entreprises,2025-11,452,0
2026-09-23,creations_entreprises,2025-12,405,0
2026-09-23,creations_entreprises,2026-01,754,0
2026-09-23,creations_entreprises,2026-02,479,0
2026-09-23,creations_entreprises,2026-03,522,0
2026-09-23,creations_entreprises,2026-04,596,0
2026-09-23,creations_entreprises,2026-05,490,0
2026-09-23,creations_entreprises,2026-06,500,0
2026-09-23,creations_entreprises,2026-07,485,1
2026-09-23,creations_entreprises,2026-08,256,1
2026-09-23,immatriculations_rcs,2023-09,137,0
2026-09-23,immatriculations_rcs,2023-10,254,0
2026-09-23,immatriculations_rcs,2023-11,162,0
2026-09-23,immatriculations_rcs,2023-12,195,0
2026-09-23,immatriculations_rcs,2024-01,186,0
2026-09-23,immatriculations_rcs,2024-02,196,0
2026-09-23,immatriculations_rcs,2024-03,220,0
2026-09-23,immatriculations_rcs,2024-04,203,0
2026-09-23,immatriculations_rcs,2024-05,247,0
2026-09-23,immatriculations_rcs,2024-06,217,0
2026-09-23,immatriculations_rcs,2024-07,210,0
2026-09-23,immatriculations_rcs,2024-08,168,0
2026-09-23,immatriculations_rcs,2024-09,191,0
2026-09-23,immatriculations_rcs,2024-10,216,0
2026-09-23,immatriculations_rcs,2024-11,219,0
2026-09-23,immatriculations_rcs,2024-12,172,0
2026-09-23,immatriculations_rcs,2025-01,258,0
2026-09-23,immatriculations_rcs,2025-02,224,0
2026-09-23,immatriculations_rcs,2025-03,235,0
2026-09-23,immatriculations_rcs,2025-04,254,0
2026-09-23,immatriculations_rcs,2025-05,253,0
2026-09-23,immatriculations_rcs,2025-06,277,0
2026-09-23,immatriculations_rcs,2025-07,207,0
2026-09-23,immatriculations_rcs,2025-08,186,0
2026-09-23,immatriculations_rcs,2025-09,258,0
2026-09-23,immatriculations_rcs,2025-10,223,0
2026-09-23,immatriculations_rcs,2025-11,235,0
2026-09-23,immatriculations_rcs,2025-12,259,0
2026-09-23,immatriculations_rcs,2026-01,222,0
2026-09-23,immatriculations_rcs,2026-02,266,0
2026-09-23,immatriculations_rcs,2026-03,372,0
2026-09-23,immatriculations_rcs,2026-04,268,0
2026-09-23,immatriculations_rcs,2026-05,269,0
2026-09-23,immatriculations_rcs,2026-06,265,0
2026-09-23,immatriculations_rcs,2026-07,254,1
2026-09-23,immatriculations_rcs,2026-08,302,1
2026-09-23,immatriculations_rcs,2026-09,160,1
2026-09-23,radiations_rcs,2023-09,144,0
2026-09-23,radiations_rcs,2023-10,248,0
2026-09-23,radiations_rcs,2023-11,561,0
2026-09-23,radiations_rcs,2023-12,267,0
2026-09-23,radiations_rcs,2024-01,148,0
2026-09-23,radiations_rcs,2024-02,113,0
2026-09-23,radiations_rcs,2024-03,134,0
2026-09-23,radiations_rcs,2024-04,115,0
2026-09-23,radiations_rcs,2024-05,113,0
2026-09-23,radiations_rcs,2024-06,118,0
2026-09-23,radiations_rcs,2024-07,122,0
2026-09-23,radiations_rcs,2024-08,110,0
2026-09-23,radiations_rcs,2024-09,200,0
2026-09-23,radiations_rcs,2024-10,80,0
2026-09-23,radiations_rcs,2024-11,68,0
2026-09-23,radiations_rcs,2024-12,187,0
2026-09-23,radiations_rcs,2025-01,182,0
2026-09-23,radiations_rcs,2025-02,471,0
2026-09-23,radiations_rcs,2025-03,160,0
2026-09-23,radiations_rcs,2025-04,296,0
2026-09-23,radiations_rcs,2025-05,164,0
2026-09-23,radiations_rcs,2025-06,109,0
2026-09-23,radiations_rcs,2025-07,114,0
2026-09-23,radiations_rcs,2025-08,191,0
2026-09-23,radiations_rcs,2025-09,193,0
2026-09-23,radiations_rcs,2025-10,430,0
2026-09-23,radiations_rcs,2025-11,211,0
2026-09-23,radiations_rcs,2025-12,180,0
2026-09-23,radiations_rcs,2026-01,344,0
2026-09-23,radiations_rcs,2026-02,229,0
2026-09-23,radiations_rcs,2026-03,504,0
2026-09-23,radiations_rcs,2026-04,668,0
2026-09-23,radiations_rcs,2026-05,146,0
2026-09-23,radiations_rcs,2026-06,117,0
2026-09-23,radiations_rcs,2026-07,174,1
2026-09-23,radiations_rcs,2026-08,206,1
2026-09-23,radiations_rcs,2026-09,106,1
2026-09-23,cessions,2023-09,9,0
2026-09-23,cessions,2023-10,15,0
2026-09-23,cessions,2023-11,20,0
2026-09-23,cessions,2023-12,11,0
2026-09-23,cessions,2024-01,13,0
2026-09-23,cessions,2024-02,22,0
2026-09-23,cessions,2024-03,14,0
2026-09-23,cessions,2024-04,18,0
2026-09-23,cessions,2024-05,12,0
2026-09-23,cessions,2024-06,10,0
2026-09-23,cessions,2024-07,28,0
2026-09-23,cessions,2024-08,21,0
2026-09-23,cessions,2024-09,10,0
2026-09-23,cessions,2024-10,16,0
2026-09-23,cessions,2024-11,17,0
2026-09-23,cessions,2024-12,16,0
2026-09-23,cessions,2025-01,22,0
2026-09-23,cessions,2025-02,26,0
2026-09-23,cessions,2025-03,21,0
2026-09-23,cessions,2025-04,19,0
2026-09-23,cessions,2025-05,15,0
2026-09-23,cessions,2025-06,19,0
2026-09-23,cessions,2025-07,23,0
2026-09-23,cessions,2025-08,18,0
2026-09-23,cessions,2025-09,22,0
2026-09-23,cessions,2025-10,20,0
2026-09-23,cessions,2025-11,16,0
2026-09-23,cessions,2025-12,15,0
2026-09-23,cessions,2026-01,23,0
2026-09-23,cessions,2026-02,28,0
2026-09-23,cessions,2026-03,30,0
2026-09-23,cessions,2026-04,26,0
2026-09-23,cessions,2026-05,15,0
2026-09-23,cessions,2026-06,18,0
2026-09-23,cessions,2026-07,18,1
2026-09-23,cessions,2026-08,10,1
2026-09-23,cessions,2026-09,9,1
2026-09-23,defaillances,2023-09,24,0
2026-09-23,defaillances,2023-10,28,0
2026-09-23,defaillances,2023-11,22,0
2026-09-23,defaillances,2023-12,14,0
2026-09-23,defaillances,2024-01,24,0
2026-09-23,defaillances,2024-02,33,0
2026-09-23,defaillances,2024-03,29,0
2026-09-23,defaillances,2024-04,28,0
2026-09-23,defaillances,2024-05,19,0
2026-09-23,defaillances,2024-06,34,0
2026-09-23,defaillances,2024-07,29,0
2026-09-23,defaillances,2024-08,12,0
2026-09-23,defaillances,2024-09,26,0
2026-09-23,defaillances,2024-10,12,0
2026-09-23,defaillances,2024-11,22,0
2026-09-23,defaillances,2024-12,30,0
2026-09-23,defaillances,2025-01,33,0
2026-09-23,defaillances,2025-02,35,0
2026-09-23,defaillances,2025-03,28,0
2026-09-23,defaillances,2025-04,29,0
2026-09-23,defaillances,2025-05,25,0
2026-09-23,defaillances,2025-06,36,0
2026-09-23,defaillances,2025-07,28,0
2026-09-23,defaillances,2025-08,22,0
2026-09-23,defaillances,2025-09,27,0
2026-09-23,defaillances,2025-10,28,0
2026-09-23,defaillances,2025-11,15,0
2026-09-23,defaillances,2025-12,23,0
2026-09-23,defaillances,2026-01,38,0
2026-09-23,defaillances,2026-02,30,0
2026-09-23,defaillances,2026-03,44,0
2026-09-23,defaillances,2026-04,22,0
2026-09-23,defaillances,2026-05,26,0
2026-09-23,defaillances,2026-06,32,0
2026-09-23,defaillances,2026-07,19,1
2026-09-23,defaillances,2026-08,12,1
2026-09-23,defaillances,2026-09,10,1
2026-09-24,creations_etablissements,2023-09,777,0
2026-09-24,creations_etablissements,2023-10,768,0
2026-09-24,creations_etablissements,2023-11,600,0
2026-09-24,creations_etablissements,2023-12,468,0
2026-09-24,creations_etablissements,2024-01,1338,0
2026-09-24,creations_etablissements,2024-02,651,0
2026-09-24,creations_etablissements,2024-03,689,0
2026-09-24,creations_etablissements,2024-04,800,0
2026-09-24,creations_etablissements,2024-05,656,0
2026-09-24,creations_etablissements,2024-06,670,0
2026-09-24,creations_etablissements,2024-07,834,0
2026-09-24,creations_etablissements,2024-08,474,0
2026-09-24,creations_etablissements,2024-09,824,0
2026-09-24,creations_etablissements,2024-10,834,0
2026-09-24,creations_etablissements,2024-11,609,0
2026-09-24,creations_etablissements,2024-12,466,0
2026-09-24,creations_etablissements,2025-01,1497,0
2026-09-24,creations_etablissements,2025-02,709,0
2026-09-24,creations_etablissements,2025-03,783,0
2026-09-24,creations_etablissements,2025-04,915,0
2026-09-24,creations_etablissements,2025-05,661,0
2026-09-24,creations_etablissements,2025-06,687,0
2026-09-24,creations_etablissements,2025-07,803,0
2026-09-24,creations_etablissements,2025-08,544,0
2026-09-24,creations_etablissements,2025-09,907,0
2026-09-24,creations_etablissements,2025-10,867,0
2026-09-24,creations_etablissements,2025-11,706,0
2026-09-24,creations_etablissements,2025-12,635,0
2026-09-24,creations_etablissements,2026-01,1292,0
2026-09-24,creations_etablissements,2026-02,767,0
2026-09-24,creations_etablissements,2026-03,822,0
2026-09-24,creations_etablissements,2026-04,898,0
2026-09-24,creations_etablissements,2026-05,728,0
2026-09-24,creations_etablissements,2026-06,801,0
2026-09-24,creations_etablissements,2026-07,776,0
2026-09-24,creations_etablissements,2026-08,512,1
2026-09-24,creations_etablissements,2026-09,501,1
2026-09-24,creations_entreprises,2023-09,496,0
2026-09-24,creations_entreprises,2023-10,509,0
2026-09-24,creations_entreprises,2023-11,377,0
2026-09-24,creations_entreprises,2023-12,279,0
2026-09-24,creations_entreprises,2024-01,767,0
2026-09-24,creations_entreprises,2024-02,434,0
2026-09-24,creations_entreprises,2024-03,458,0
2026-09-24,creations_entreprises,2024-04,499,0
2026-09-24,creations_entreprises,2024-05,419,0
2026-09-24,creations_entreprises,2024-06,400,0
2026-09-24,creations_entreprises,2024-07,525,0
2026-09-24,creations_entreprises,2024-08,272,0
2026-09-24,creations_entreprises,2024-09,458,0
2026-09-24,creations_entreprises,2024-10,533,0
2026-09-24,creations_entreprises,2024-11,378,0
2026-09-24,creations_entreprises,2024-12,316,0
2026-09-24,creations_entreprises,2025-01,860,0
2026-09-24,creations_entreprises,2025-02,449,0
2026-09-24,creations_entreprises,2025-03,473,0
2026-09-24,creations_entreprises,2025-04,567,0
2026-09-24,creations_entreprises,2025-05,414,0
2026-09-24,creations_entreprises,2025-06,451,0
2026-09-24,creations_entreprises,2025-07,487,0
2026-09-24,creations_entreprises,2025-08,325,0
2026-09-24,creations_entreprises,2025-09,567,0
2026-09-24,creations_entreprises,2025-10,563,0
2026-09-24,creations_entreprises,2025-11,453,0
2026-09-24,creations_entreprises,2025-12,405,0
2026-09-24,creations_entreprises,2026-01,760,0
2026-09-24,creations_entreprises,2026-02,481,0
2026-09-24,creations_entreprises,2026-03,524,0
2026-09-24,creations_entreprises,2026-04,596,0
2026-09-24,creations_entreprises,2026-05,495,0
2026-09-24,creations_entreprises,2026-06,507,0
2026-09-24,creations_entreprises,2026-07,504,0
2026-09-24,creations_entreprises,2026-08,326,1
2026-09-24,creations_entreprises,2026-09,330,1
2026-09-24,immatriculations_rcs,2023-09,137,0
2026-09-24,immatriculations_rcs,2023-10,254,0
2026-09-24,immatriculations_rcs,2023-11,162,0
2026-09-24,immatriculations_rcs,2023-12,195,0
2026-09-24,immatriculations_rcs,2024-01,186,0
2026-09-24,immatriculations_rcs,2024-02,196,0
2026-09-24,immatriculations_rcs,2024-03,220,0
2026-09-24,immatriculations_rcs,2024-04,203,0
2026-09-24,immatriculations_rcs,2024-05,247,0
2026-09-24,immatriculations_rcs,2024-06,217,0
2026-09-24,immatriculations_rcs,2024-07,210,0
2026-09-24,immatriculations_rcs,2024-08,168,0
2026-09-24,immatriculations_rcs,2024-09,191,0
2026-09-24,immatriculations_rcs,2024-10,216,0
2026-09-24,immatriculations_rcs,2024-11,219,0
2026-09-24,immatriculations_rcs,2024-12,172,0
2026-09-24,immatriculations_rcs,2025-01,258,0
2026-09-24,immatriculations_rcs,2025-02,224,0
2026-09-24,immatriculations_rcs,2025-03,235,0
2026-09-24,immatriculations_rcs,2025-04,254,0
2026-09-24,immatriculations_rcs,2025-05,253,0
2026-09-24,immatriculations_rcs,2025-06,277,0
2026-09-24,immatriculations_rcs,2025-07,207,0
2026-09-24,immatriculations_rcs,2025-08,186,0
2026-09-24,immatriculations_rcs,2025-09,258,0
2026-09-24,immatriculations_rcs,2025-10,223,0
2026-09-24,immatriculations_rcs,2025-11,235,0
2026-09-24,immatriculations_rcs,2025-12,259,0
2026-09-24,immatriculations_rcs,2026-01,222,0
2026-09-24,immatriculations_rcs,2026-02,266,0
2026-09-24,immatriculations_rcs,2026-03,372,0
2026-09-24,immatriculations_rcs,2026-04,268,0
2026-09-24,immatriculations_rcs,2026-05,269,0
2026-09-24,immatriculations_rcs,2026-06,265,0
2026-09-24,immatriculations_rcs,2026-07,254,1
2026-09-24,immatriculations_rcs,2026-08,302,1
2026-09-24,immatriculations_rcs,2026-09,160,1
2026-09-24,radiations_rcs,2023-09,144,0
2026-09-24,radiations_rcs,2023-10,248,0
2026-09-24,radiations_rcs,2023-11,561,0
2026-09-24,radiations_rcs,2023-12,267,0
2026-09-24,radiations_rcs,2024-01,148,0
2026-09-24,radiations_rcs,2024-02,113,0
2026-09-24,radiations_rcs,2024-03,134,0
2026-09-24,radiations_rcs,2024-04,115,0
2026-09-24,radiations_rcs,2024-05,113,0
2026-09-24,radiations_rcs,2024-06,118,0
2026-09-24,radiations_rcs,2024-07,122,0
2026-09-24,radiations_rcs,2024-08,110,0
2026-09-24,radiations_rcs,2024-09,200,0
2026-09-24,radiations_rcs,2024-10,80,0
2026-09-24,radiations_rcs,2024-11,68,0
2026-09-24,radiations_rcs,2024-12,187,0
2026-09-24,radiations_rcs,2025-01,182,0
2026-09-24,radiations_rcs,2025-02,471,0
2026-09-24,radiations_rcs,2025-03,160,0
2026-09-24,radiations_rcs,2025-04,296,0
2026-09-24,radiations_rcs,2025-05,164,0
2026-09-24,radiations_rcs,2025-06,109,0
2026-09-24,radiations_rcs,2025-07,114,0
2026-09-24,radiations_rcs,2025-08,191,0
2026-09-24,radiations_rcs,2025-09,193,0
2026-09-24,radiations_rcs,2025-10,430,0
2026-09-24,radiations_rcs,2025-11,211,0
2026-09-24,radiations_rcs,2025-12,180,0
2026-09-24,radiations_rcs,2026-01,344,0
2026-09-24,radiations_rcs,2026-02,229,0
2026-09-24,radiations_rcs,2026-03,504,0
2026-09-24,radiations_rcs,2026-04,668,0
2026-09-24,radiations_rcs,2026-05,146,0
2026-09-24,radiations_rcs,2026-06,117,0
2026-09-24,radiations_rcs,2026-07,174,1
2026-09-24,radiations_rcs,2026-08,206,1
2026-09-24,radiations_rcs,2026-09,106,1
2026-09-24,cessions,2023-09,9,0
2026-09-24,cessions,2023-10,15,0
2026-09-24,cessions,2023-11,20,0
2026-09-24,cessions,2023-12,11,0
2026-09-24,cessions,2024-01,13,0
2026-09-24,cessions,2024-02,22,0
2026-09-24,cessions,2024-03,14,0
2026-09-24,cessions,2024-04,18,0
2026-09-24,cessions,2024-05,12,0
2026-09-24,cessions,2024-06,10,0
2026-09-24,cessions,2024-07,28,0
2026-09-24,cessions,2024-08,21,0
2026-09-24,cessions,2024-09,10,0
2026-09-24,cessions,2024-10,16,0
2026-09-24,cessions,2024-11,17,0
2026-09-24,cessions,2024-12,16,0
2026-09-24,cessions,2025-01,22,0
2026-09-24,cessions,2025-02,26,0
2026-09-24,cessions,2025-03,21,0
2026-09-24,cessions,2025-04,19,0
2026-09-24,cessions,2025-05,15,0
2026-09-24,cessions,2025-06,19,0
2026-09-24,cessions,2025-07,23,0
2026-09-24,cessions,2025-08,18,0
2026-09-24,cessions,2025-09,22,0
2026-09-24,cessions,2025-10,20,0
2026-09-24,cessions,2025-11,16,0
2026-09-24,cessions,2025-12,15,0
2026-09-24,cessions,2026-01,23,0
2026-09-24,cessions,2026-02,28,0
2026-09-24,cessions,2026-03,30,0
2026-09-24,cessions,2026-04,26,0
2026-09-24,cessions,2026-05,15,0
2026-09-24,cessions,2026-06,18,0
2026-09-24,cessions,2026-07,18,1
2026-09-24,cessions,2026-08,10,1
2026-09-24,cessions,2026-09,9,1
2026-09-24,defaillances,2023-09,24,0
2026-09-24,defaillances,2023-10,28,0
2026-09-24,defaillances,2023-11,22,0
2026-09-24,defaillances,2023-12,14,0
2026-09-24,defaillances,2024-01,24,0
2026-09-24,defaillances,2024-02,33,0
2026-09-24,defaillances,2024-03,29,0
2026-09-24,defaillances,2024-04,28,0
2026-09-24,defaillances,2024-05,19,0
2026-09-24,defaillances,2024-06,34,0
2026-09-24,defaillances,2024-07,29,0
2026-09-24,defaillances,2024-08,12,0
2026-09-24,defaillances,2024-09,26,0
2026-09-24,defaillances,2024-10,12,0
2026-09-24,defaillances,2024-11,22,0
2026-09-24,defaillances,2024-12,30,0
2026-09-24,defaillances,2025-01,33,0
2026-09-24,defaillances,2025-02,35,0
2026-09-24,defaillances,2025-03,28,0
2026-09-24,defaillances,2025-04,29,0
2026-09-24,defaillances,2025-05,25,0
2026-09-24,defaillances,2025-06,36,0
2026-09-24,defaillances,2025-07,28,0
2026-09-24,defaillances,2025-08,22,0
2026-09-24,defaillances,2025-09,27,0
2026-09-24,defaillances,2025-10,28,0
2026-09-24,defaillances,2025-11,15,0
2026-09-24,defaillances,2025-12,23,0
2026-09-24,defaillances,2026-01,38,0
2026-09-24,defaillances,2026-02,30,0
2026-09-24,defaillances,2026-03,44,0
2026-09-24,defaillances,2026-04,22,0
2026-09-24,defaillances,2026-05,26,0
2026-09-24,defaillances,2026-06,32,0
2026-09-24,defaillances,2026-07,19,1
2026-09-24,defaillances,2026-08,12,1
2026-09-24,defaillances,2026-09,10,1
2026-09-25,creations_etablissements,2023-09,777,0
2026-09-25,creations_etablissements,2023-10,768,0
2026-09-25,creations_etablissements,2023-11,600,0
2026-09-25,creations_etablissements,2023-12,468,0
2026-09-25,creations_etablissements,2024-01,1338,0
2026-09-25,creations_etablissements,2024-02,651,0
2026-09-25,creations_etablissements,2024-03,689,0
2026-09-25,creations_etablissements,2024-04,800,0
2026-09-25,creations_etablissements,2024-05,656,0
2026-09-25,creations_etablissements,2024-06,670,0
2026-09-25,creations_etablissements,2024-07,834,0
2026-09-25,creations_etablissements,2024-08,474,0
2026-09-25,creations_etablissements,2024-09,824,0
2026-09-25,creations_etablissements,2024-10,834,0
2026-09-25,creations_etablissements,2024-11,609,0
2026-09-25,creations_etablissements,2024-12,466,0
2026-09-25,creations_etablissements,2025-01,1497,0
2026-09-25,creations_etablissements,2025-02,709,0
2026-09-25,creations_etablissements,2025-03,783,0
2026-09-25,creations_etablissements,2025-04,915,0
2026-09-25,creations_etablissements,2025-05,661,0
2026-09-25,creations_etablissements,2025-06,687,0
2026-09-25,creations_etablissements,2025-07,803,0
2026-09-25,creations_etablissements,2025-08,544,0
2026-09-25,creations_etablissements,2025-09,907,0
2026-09-25,creations_etablissements,2025-10,867,0
2026-09-25,creations_etablissements,2025-11,706,0
2026-09-25,creations_etablissements,2025-12,635,0
2026-09-25,creations_etablissements,2026-01,1292,0
2026-09-25,creations_etablissements,2026-02,767,0
2026-09-25,creations_etablissements,2026-03,822,0
2026-09-25,creations_etablissements,2026-04,898,0
2026-09-25,creations_etablissements,2026-05,728,0
2026-09-25,creations_etablissements,2026-06,801,0
2026-09-25,creations_etablissements,2026-07,776,0
2026-09-25,creations_etablissements,2026-08,512,1
2026-09-25,creations_etablissements,2026-09,501,1
2026-09-25,creations_entreprises,2023-09,496,0
2026-09-25,creations_entreprises,2023-10,509,0
2026-09-25,creations_entreprises,2023-11,377,0
2026-09-25,creations_entreprises,2023-12,279,0
2026-09-25,creations_entreprises,2024-01,767,0
2026-09-25,creations_entreprises,2024-02,434,0
2026-09-25,creations_entreprises,2024-03,458,0
2026-09-25,creations_entreprises,2024-04,499,0
2026-09-25,creations_entreprises,2024-05,419,0
2026-09-25,creations_entreprises,2024-06,400,0
2026-09-25,creations_entreprises,2024-07,525,0
2026-09-25,creations_entreprises,2024-08,272,0
2026-09-25,creations_entreprises,2024-09,458,0
2026-09-25,creations_entreprises,2024-10,533,0
2026-09-25,creations_entreprises,2024-11,378,0
2026-09-25,creations_entreprises,2024-12,316,0
2026-09-25,creations_entreprises,2025-01,860,0
2026-09-25,creations_entreprises,2025-02,449,0
2026-09-25,creations_entreprises,2025-03,473,0
2026-09-25,creations_entreprises,2025-04,567,0
2026-09-25,creations_entreprises,2025-05,414,0
2026-09-25,creations_entreprises,2025-06,451,0
2026-09-25,creations_entreprises,2025-07,487,0
2026-09-25,creations_entreprises,2025-08,325,0
2026-09-25,creations_entreprises,2025-09,567,0
2026-09-25,creations_entreprises,2025-10,563,0
2026-09-25,creations_entreprises,2025-11,453,0
2026-09-25,creations_entreprises,2025-12,405,0
2026-09-25,creations_entreprises,2026-01,760,0
2026-09-25,creations_entreprises,2026-02,481,0
2026-09-25,creations_entreprises,2026-03,524,0
2026-09-25,creations_entreprises,2026-04,596,0
2026-09-25,creations_entreprises,2026-05,495,0
2026-09-25,creations_entreprises,2026-06,507,0
2026-09-25,creations_entreprises,2026-07,504,0
2026-09-25,creations_entreprises,2026-08,326,1
2026-09-25,creations_entreprises,2026-09,330,1
2026-09-25,immatriculations_rcs,2023-09,137,0
2026-09-25,immatriculations_rcs,2023-10,254,0
2026-09-25,immatriculations_rcs,2023-11,162,0
2026-09-25,immatriculations_rcs,2023-12,195,0
2026-09-25,immatriculations_rcs,2024-01,186,0
2026-09-25,immatriculations_rcs,2024-02,196,0
2026-09-25,immatriculations_rcs,2024-03,220,0
2026-09-25,immatriculations_rcs,2024-04,203,0
2026-09-25,immatriculations_rcs,2024-05,247,0
2026-09-25,immatriculations_rcs,2024-06,217,0
2026-09-25,immatriculations_rcs,2024-07,210,0
2026-09-25,immatriculations_rcs,2024-08,168,0
2026-09-25,immatriculations_rcs,2024-09,191,0
2026-09-25,immatriculations_rcs,2024-10,216,0
2026-09-25,immatriculations_rcs,2024-11,219,0
2026-09-25,immatriculations_rcs,2024-12,172,0
2026-09-25,immatriculations_rcs,2025-01,258,0
2026-09-25,immatriculations_rcs,2025-02,224,0
2026-09-25,immatriculations_rcs,2025-03,235,0
2026-09-25,immatriculations_rcs,2025-04,254,0
2026-09-25,immatriculations_rcs,2025-05,253,0
2026-09-25,immatriculations_rcs,2025-06,277,0
2026-09-25,immatriculations_rcs,2025-07,207,0
2026-09-25,immatriculations_rcs,2025-08,186,0
2026-09-25,immatriculations_rcs,2025-09,258,0
2026-09-25,immatriculations_rcs,2025-10,223,0
2026-09-25,immatriculations_rcs,2025-11,235,0
2026-09-25,immatriculations_rcs,2025-12,259,0
2026-09-25,immatriculations_rcs,2026-01,222,0
2026-09-25,immatriculations_rcs,2026-02,266,0
2026-09-25,immatriculations_rcs,2026-03,372,0
2026-09-25,immatriculations_rcs,2026-04,268,0
2026-09-25,immatriculations_rcs,2026-05,269,0
2026-09-25,immatriculations_rcs,2026-06,265,0
2026-09-25,immatriculations_rcs,2026-07,254,1
2026-09-25,immatriculations_rcs,2026-08,302,1
2026-09-25,immatriculations_rcs,2026-09,161,1
2026-09-25,radiations_rcs,2023-09,144,0
2026-09-25,radiations_rcs,2023-10,248,0
2026-09-25,radiations_rcs,2023-11,561,0
2026-09-25,radiations_rcs,2023-12,267,0
2026-09-25,radiations_rcs,2024-01,148,0
2026-09-25,radiations_rcs,2024-02,113,0
2026-09-25,radiations_rcs,2024-03,134,0
2026-09-25,radiations_rcs,2024-04,115,0
2026-09-25,radiations_rcs,2024-05,113,0
2026-09-25,radiations_rcs,2024-06,118,0
2026-09-25,radiations_rcs,2024-07,122,0
2026-09-25,radiations_rcs,2024-08,110,0
2026-09-25,radiations_rcs,2024-09,200,0
2026-09-25,radiations_rcs,2024-10,80,0
2026-09-25,radiations_rcs,2024-11,68,0
2026-09-25,radiations_rcs,2024-12,187,0
2026-09-25,radiations_rcs,2025-01,182,0
2026-09-25,radiations_rcs,2025-02,471,0
2026-09-25,radiations_rcs,2025-03,160,0
2026-09-25,radiations_rcs,2025-04,296,0
2026-09-25,radiations_rcs,2025-05,164,0
2026-09-25,radiations_rcs,2025-06,109,0
2026-09-25,radiations_rcs,2025-07,114,0
2026-09-25,radiations_rcs,2025-08,191,0
2026-09-25,radiations_rcs,2025-09,193,0
2026-09-25,radiations_rcs,2025-10,430,0
2026-09-25,radiations_rcs,2025-11,211,0
2026-09-25,radiations_rcs,2025-12,180,0
2026-09-25,radiations_rcs,2026-01,344,0
2026-09-25,radiations_rcs,2026-02,229,0
2026-09-25,radiations_rcs,2026-03,504,0
2026-09-25,radiations_rcs,2026-04,668,0
2026-09-25,radiations_rcs,2026-05,146,0
2026-09-25,radiations_rcs,2026-06,117,0
2026-09-25,radiations_rcs,2026-07,174,1
2026-09-25,radiations_rcs,2026-08,206,1
2026-09-25,radiations_rcs,2026-09,108,1
2026-09-25,cessions,2023-09,9,0
2026-09-25,cessions,2023-10,15,0
2026-09-25,cessions,2023-11,20,0
2026-09-25,cessions,2023-12,11,0
2026-09-25,cessions,2024-01,13,0
2026-09-25,cessions,2024-02,22,0
2026-09-25,cessions,2024-03,14,0
2026-09-25,cessions,2024-04,18,0
2026-09-25,cessions,2024-05,12,0
2026-09-25,cessions,2024-06,10,0
2026-09-25,cessions,2024-07,28,0
2026-09-25,cessions,2024-08,21,0
2026-09-25,cessions,2024-09,10,0
2026-09-25,cessions,2024-10,16,0
2026-09-25,cessions,2024-11,17,0
2026-09-25,cessions,2024-12,16,0
2026-09-25,cessions,2025-01,22,0
2026-09-25,cessions,2025-02,26,0
2026-09-25,cessions,2025-03,21,0
2026-09-25,cessions,2025-04,19,0
2026-09-25,cessions,2025-05,15,0
2026-09-25,cessions,2025-06,19,0
2026-09-25,cessions,2025-07,23,0
2026-09-25,cessions,2025-08,18,0
2026-09-25,cessions,2025-09,22,0
2026-09-25,cessions,2025-10,20,0
2026-09-25,cessions,2025-11,16,0
2026-09-25,cessions,2025-12,15,0
2026-09-25,cessions,2026-01,23,0
2026-09-25,cessions,2026-02,28,0
2026-09-25,cessions,2026-03,30,0
2026-09-25,cessions,2026-04,26,0
2026-09-25,cessions,2026-05,15,0
2026-09-25,cessions,2026-06,18,0
2026-09-25,cessions,2026-07,18,1
2026-09-25,cessions,2026-08,10,1
2026-09-25,cessions,2026-09,10,1
2026-09-25,defaillances,2023-09,24,0
2026-09-25,defaillances,2023-10,28,0
2026-09-25,defaillances,2023-11,22,0
2026-09-25,defaillances,2023-12,14,0
2026-09-25,defaillances,2024-01,24,0
2026-09-25,defaillances,2024-02,33,0
2026-09-25,defaillances,2024-03,29,0
2026-09-25,defaillances,2024-04,28,0
2026-09-25,defaillances,2024-05,19,0
2026-09-25,defaillances,2024-06,34,0
2026-09-25,defaillances,2024-07,29,0
2026-09-25,defaillances,2024-08,12,0
2026-09-25,defaillances,2024-09,26,0
2026-09-25,defaillances,2024-10,12,0
2026-09-25,defaillances,2024-11,22,0
2026-09-25,defaillances,2024-12,30,0
2026-09-25,defaillances,2025-01,33,0
2026-09-25,defaillances,2025-02,35,0
2026-09-25,defaillances,2025-03,28,0
2026-09-25,defaillances,2025-04,29,0
2026-09-25,defaillances,2025-05,25,0
2026-09-25,defaillances,2025-06,36,0
2026-09-25,defaillances,2025-07,28,0
2026-09-25,defaillances,2025-08,22,0
2026-09-25,defaillances,2025-09,27,0
2026-09-25,defaillances,2025-10,28,0
2026-09-25,defaillances,2025-11,15,0
2026-09-25,defaillances,2025-12,23,0
2026-09-25,defaillances,2026-01,38,0
2026-09-25,defaillances,2026-02,30,0
2026-09-25,defaillances,2026-03,44,0
2026-09-25,defaillances,2026-04,22,0
2026-09-25,defaillances,2026-05,26,0
2026-09-25,defaillances,2026-06,32,0
2026-09-25,defaillances,2026-07,19,1
2026-09-25,defaillances,2026-08,12,1
2026-09-25,defaillances,2026-09,10,1
2026-09-26,creations_etablissements,2023-09,777,0
2026-09-26,creations_etablissements,2023-10,768,0
2026-09-26,creations_etablissements,2023-11,600,0
2026-09-26,creations_etablissements,2023-12,468,0
2026-09-26,creations_etablissements,2024-01,1338,0
2026-09-26,creations_etablissements,2024-02,651,0
2026-09-26,creations_etablissements,2024-03,690,0
2026-09-26,creations_etablissements,2024-04,800,0
2026-09-26,creations_etablissements,2024-05,656,0
2026-09-26,creations_etablissements,2024-06,670,0
2026-09-26,creations_etablissements,2024-07,834,0
2026-09-26,creations_etablissements,2024-08,474,0
2026-09-26,creations_etablissements,2024-09,824,0
2026-09-26,creations_etablissements,2024-10,834,0
2026-09-26,creations_etablissements,2024-11,609,0
2026-09-26,creations_etablissements,2024-12,466,0
2026-09-26,creations_etablissements,2025-01,1497,0
2026-09-26,creations_etablissements,2025-02,709,0
2026-09-26,creations_etablissements,2025-03,783,0
2026-09-26,creations_etablissements,2025-04,915,0
2026-09-26,creations_etablissements,2025-05,661,0
2026-09-26,creations_etablissements,2025-06,687,0
2026-09-26,creations_etablissements,2025-07,803,0
2026-09-26,creations_etablissements,2025-08,544,0
2026-09-26,creations_etablissements,2025-09,907,0
2026-09-26,creations_etablissements,2025-10,867,0
2026-09-26,creations_etablissements,2025-11,709,0
2026-09-26,creations_etablissements,2025-12,635,0
2026-09-26,creations_etablissements,2026-01,1293,0
2026-09-26,creations_etablissements,2026-02,768,0
2026-09-26,creations_etablissements,2026-03,822,0
2026-09-26,creations_etablissements,2026-04,898,0
2026-09-26,creations_etablissements,2026-05,728,0
2026-09-26,creations_etablissements,2026-06,803,0
2026-09-26,creations_etablissements,2026-07,777,0
2026-09-26,creations_etablissements,2026-08,515,1
2026-09-26,creations_etablissements,2026-09,538,1
2026-09-26,creations_entreprises,2023-09,496,0
2026-09-26,creations_entreprises,2023-10,509,0
2026-09-26,creations_entreprises,2023-11,377,0
2026-09-26,creations_entreprises,2023-12,279,0
2026-09-26,creations_entreprises,2024-01,767,0
2026-09-26,creations_entreprises,2024-02,434,0
2026-09-26,creations_entreprises,2024-03,459,0
2026-09-26,creations_entreprises,2024-04,499,0
2026-09-26,creations_entreprises,2024-05,419,0
2026-09-26,creations_entreprises,2024-06,400,0
2026-09-26,creations_entreprises,2024-07,525,0
2026-09-26,creations_entreprises,2024-08,272,0
2026-09-26,creations_entreprises,2024-09,457,0
2026-09-26,creations_entreprises,2024-10,533,0
2026-09-26,creations_entreprises,2024-11,378,0
2026-09-26,creations_entreprises,2024-12,316,0
2026-09-26,creations_entreprises,2025-01,860,0
2026-09-26,creations_entreprises,2025-02,449,0
2026-09-26,creations_entreprises,2025-03,473,0
2026-09-26,creations_entreprises,2025-04,567,0
2026-09-26,creations_entreprises,2025-05,414,0
2026-09-26,creations_entreprises,2025-06,451,0
2026-09-26,creations_entreprises,2025-07,487,0
2026-09-26,creations_entreprises,2025-08,325,0
2026-09-26,creations_entreprises,2025-09,567,0
2026-09-26,creations_entreprises,2025-10,563,0
2026-09-26,creations_entreprises,2025-11,453,0
2026-09-26,creations_entreprises,2025-12,405,0
2026-09-26,creations_entreprises,2026-01,761,0
2026-09-26,creations_entreprises,2026-02,482,0
2026-09-26,creations_entreprises,2026-03,524,0
2026-09-26,creations_entreprises,2026-04,596,0
2026-09-26,creations_entreprises,2026-05,495,0
2026-09-26,creations_entreprises,2026-06,508,0
2026-09-26,creations_entreprises,2026-07,504,0
2026-09-26,creations_entreprises,2026-08,327,1
2026-09-26,creations_entreprises,2026-09,358,1
2026-09-26,immatriculations_rcs,2023-09,137,0
2026-09-26,immatriculations_rcs,2023-10,254,0
2026-09-26,immatriculations_rcs,2023-11,162,0
2026-09-26,immatriculations_rcs,2023-12,195,0
2026-09-26,immatriculations_rcs,2024-01,186,0
2026-09-26,immatriculations_rcs,2024-02,196,0
2026-09-26,immatriculations_rcs,2024-03,220,0
2026-09-26,immatriculations_rcs,2024-04,203,0
2026-09-26,immatriculations_rcs,2024-05,247,0
2026-09-26,immatriculations_rcs,2024-06,217,0
2026-09-26,immatriculations_rcs,2024-07,210,0
2026-09-26,immatriculations_rcs,2024-08,168,0
2026-09-26,immatriculations_rcs,2024-09,191,0
2026-09-26,immatriculations_rcs,2024-10,216,0
2026-09-26,immatriculations_rcs,2024-11,219,0
2026-09-26,immatriculations_rcs,2024-12,172,0
2026-09-26,immatriculations_rcs,2025-01,258,0
2026-09-26,immatriculations_rcs,2025-02,224,0
2026-09-26,immatriculations_rcs,2025-03,235,0
2026-09-26,immatriculations_rcs,2025-04,254,0
2026-09-26,immatriculations_rcs,2025-05,253,0
2026-09-26,immatriculations_rcs,2025-06,277,0
2026-09-26,immatriculations_rcs,2025-07,207,0
2026-09-26,immatriculations_rcs,2025-08,186,0
2026-09-26,immatriculations_rcs,2025-09,258,0
2026-09-26,immatriculations_rcs,2025-10,223,0
2026-09-26,immatriculations_rcs,2025-11,235,0
2026-09-26,immatriculations_rcs,2025-12,259,0
2026-09-26,immatriculations_rcs,2026-01,222,0
2026-09-26,immatriculations_rcs,2026-02,266,0
2026-09-26,immatriculations_rcs,2026-03,372,0
2026-09-26,immatriculations_rcs,2026-04,268,0
2026-09-26,immatriculations_rcs,2026-05,269,0
2026-09-26,immatriculations_rcs,2026-06,265,0
2026-09-26,immatriculations_rcs,2026-07,254,1
2026-09-26,immatriculations_rcs,2026-08,302,1
2026-09-26,immatriculations_rcs,2026-09,161,1
2026-09-26,radiations_rcs,2023-09,144,0
2026-09-26,radiations_rcs,2023-10,248,0
2026-09-26,radiations_rcs,2023-11,561,0
2026-09-26,radiations_rcs,2023-12,267,0
2026-09-26,radiations_rcs,2024-01,148,0
2026-09-26,radiations_rcs,2024-02,113,0
2026-09-26,radiations_rcs,2024-03,134,0
2026-09-26,radiations_rcs,2024-04,115,0
2026-09-26,radiations_rcs,2024-05,113,0
2026-09-26,radiations_rcs,2024-06,118,0
2026-09-26,radiations_rcs,2024-07,122,0
2026-09-26,radiations_rcs,2024-08,110,0
2026-09-26,radiations_rcs,2024-09,200,0
2026-09-26,radiations_rcs,2024-10,80,0
2026-09-26,radiations_rcs,2024-11,68,0
2026-09-26,radiations_rcs,2024-12,187,0
2026-09-26,radiations_rcs,2025-01,182,0
2026-09-26,radiations_rcs,2025-02,471,0
2026-09-26,radiations_rcs,2025-03,160,0
2026-09-26,radiations_rcs,2025-04,296,0
2026-09-26,radiations_rcs,2025-05,164,0
2026-09-26,radiations_rcs,2025-06,109,0
2026-09-26,radiations_rcs,2025-07,114,0
2026-09-26,radiations_rcs,2025-08,191,0
2026-09-26,radiations_rcs,2025-09,193,0
2026-09-26,radiations_rcs,2025-10,430,0
2026-09-26,radiations_rcs,2025-11,211,0
2026-09-26,radiations_rcs,2025-12,180,0
2026-09-26,radiations_rcs,2026-01,344,0
2026-09-26,radiations_rcs,2026-02,229,0
2026-09-26,radiations_rcs,2026-03,504,0
2026-09-26,radiations_rcs,2026-04,668,0
2026-09-26,radiations_rcs,2026-05,146,0
2026-09-26,radiations_rcs,2026-06,117,0
2026-09-26,radiations_rcs,2026-07,174,1
2026-09-26,radiations_rcs,2026-08,206,1
2026-09-26,radiations_rcs,2026-09,108,1
2026-09-26,cessions,2023-09,9,0
2026-09-26,cessions,2023-10,15,0
2026-09-26,cessions,2023-11,20,0
2026-09-26,cessions,2023-12,11,0
2026-09-26,cessions,2024-01,13,0
2026-09-26,cessions,2024-02,22,0
2026-09-26,cessions,2024-03,14,0
2026-09-26,cessions,2024-04,18,0
2026-09-26,cessions,2024-05,12,0
2026-09-26,cessions,2024-06,10,0
2026-09-26,cessions,2024-07,28,0
2026-09-26,cessions,2024-08,21,0
2026-09-26,cessions,2024-09,10,0
2026-09-26,cessions,2024-10,16,0
2026-09-26,cessions,2024-11,17,0
2026-09-26,cessions,2024-12,16,0
2026-09-26,cessions,2025-01,22,0
2026-09-26,cessions,2025-02,26,0
2026-09-26,cessions,2025-03,21,0
2026-09-26,cessions,2025-04,19,0
2026-09-26,cessions,2025-05,15,0
2026-09-26,cessions,2025-06,19,0
2026-09-26,cessions,2025-07,23,0
2026-09-26,cessions,2025-08,18,0
2026-09-26,cessions,2025-09,22,0
2026-09-26,cessions,2025-10,20,0
2026-09-26,cessions,2025-11,16,0
2026-09-26,cessions,2025-12,15,0
2026-09-26,cessions,2026-01,23,0
2026-09-26,cessions,2026-02,28,0
2026-09-26,cessions,2026-03,30,0
2026-09-26,cessions,2026-04,26,0
2026-09-26,cessions,2026-05,15,0
2026-09-26,cessions,2026-06,18,0
2026-09-26,cessions,2026-07,18,1
2026-09-26,cessions,2026-08,10,1
2026-09-26,cessions,2026-09,10,1
2026-09-26,defaillances,2023-09,24,0
2026-09-26,defaillances,2023-10,28,0
2026-09-26,defaillances,2023-11,22,0
2026-09-26,defaillances,2023-12,14,0
2026-09-26,defaillances,2024-01,24,0
2026-09-26,defaillances,2024-02,33,0
2026-09-26,defaillances,2024-03,29,0
2026-09-26,defaillances,2024-04,28,0
2026-09-26,defaillances,2024-05,19,0
2026-09-26,defaillances,2024-06,34,0
2026-09-26,defaillances,2024-07,29,0
2026-09-26,defaillances,2024-08,12,0
2026-09-26,defaillances,2024-09,26,0
2026-09-26,defaillances,2024-10,12,0
2026-09-26,defaillances,2024-11,22,0
2026-09-26,defaillances,2024-12,30,0
2026-09-26,defaillances,2025-01,33,0
2026-09-26,defaillances,2025-02,35,0
2026-09-26,defaillances,2025-03,28,0
2026-09-26,defaillances,2025-04,29,0
2026-09-26,defaillances,2025-05,25,0
2026-09-26,defaillances,2025-06,36,0
2026-09-26,defaillances,2025-07,28,0
2026-09-26,defaillances,2025-08,22,0
2026-09-26,defaillances,2025-09,27,0
2026-09-26,defaillances,2025-10,28,0
2026-09-26,defaillances,2025-11,15,0
2026-09-26,defaillances,2025-12,23,0
2026-09-26,defaillances,2026-01,38,0
2026-09-26,defaillances,2026-02,30,0
2026-09-26,defaillances,2026-03,44,0
2026-09-26,defaillances,2026-04,22,0
2026-09-26,defaillances,2026-05,26,0
2026-09-26,defaillances,2026-06,32,0
2026-09-26,defaillances,2026-07,19,1
2026-09-26,defaillances,2026-08,12,1
2026-09-26,defaillances,2026-09,10,1
